n,date,kickoff,stage,group,home,away,status,venue_country,venue_city,home_score,away_score,elo_h,elo_a,lambda_h,lambda_a,p_home,p_draw,p_away,top_scores,markets,climate
17,2026-06-16,2026-06-16T19:00:00Z,group,I,France,Senegal,scheduled,United States,East Rutherford,,,2112.2,1924.6,1.551,0.792,0.5476,0.2672,0.1852,1-0 14.3%; 1-1 12.4%; 2-0 11.6%; 0-0 10.2%; 2-1 9.1%,"{'1x2': {'home': 0.5475608656106424, 'draw': 0.2672405418608627, 'away': 0.1851985925284948}, 'double_chance': {'1X': 0.8148014074715051, '12': 0.7327594581391372, 'X2': 0.4524391343893575}, 'draw_no_bet': {'home': 0.7472586802239145, 'away': 0.2527413197760855}, 'over_under': {'1.5': {'over': 0.6846600754947874, 'under': 0.31533992450521264}, '2.5': {'over': 0.41522878257886453, 'under': 0.5847712174211355}, '3.5': {'over': 0.20937113992161882, 'under': 0.7906288600783812}}, 'btts': {'yes': 0.4368179524948609, 'no': 0.5631820475051391}, 'ah': {'-1.5': {'p_home': 0.29214543564785445, 'p_away': 0.7078545643521456, 'p_push': 0.0}, '-0.5': {'p_home': 0.5475608656106425, 'p_away': 0.45243913438935757, 'p_push': 0.0}, '+0.5': {'p_home': 0.8148014074715052, 'p_away': 0.18519859252849477, 'p_push': 0.0}, '+1.5': {'p_home': 0.9424096516153923, 'p_away': 0.05759034838460779, 'p_push': 0.0}}, 'team_totals': {'home_over_1_5': 0.45898060392505136, 'away_over_1_5': 0.1883228100984466, 'home_clean_sheet': 0.45295350627160286, 'away_clean_sheet': 0.2121105198065768}, 'correct_score': [{'score': '1-0', 'p': 0.14317465384005257}, {'score': '1-1', 'p': 0.12379317858313728}, {'score': '2-0', 'p': 0.11550814511863669}, {'score': '0-0', 'p': 0.10188197857304049}, {'score': '2-1', 'p': 0.0914784999619242}, {'score': '0-1', 'p': 0.07028329209211959}, {'score': '3-0', 'p': 0.059704180389008724}, {'score': '3-1', 'p': 0.04728366867836959}], 'grid': [[0.1019, 0.0703, 0.0301, 0.008, 0.0016, 0.0002], [0.1432, 0.1238, 0.0467, 0.0123, 0.0024, 0.0004], [0.1155, 0.0915, 0.0362, 0.0096, 0.0019, 0.0003], [0.0597, 0.0473, 0.0187, 0.0049, 0.001, 0.0002], [0.0231, 0.0183, 0.0073, 0.0019, 0.0004, 0.0001], [0.0072, 0.0057, 0.0023, 0.0006, 0.0001, 0.0]]}","{'venue': 'East Rutherford', 'stadium': 'MetLife (Final)', 'altitude_m': 5, 'temp_c': 29, 'humid': True, 'roof': False, 'alt_home': -0.0, 'alt_away': -0.0, 'heat_home': -3.6, 'heat_away': -0.0, 'heat_severity': 0.3, 'd_home': -3.6, 'd_away': -0.0, 'lean': 'even'}"
18,2026-06-16,2026-06-16T22:00:00Z,group,I,Iraq,Norway,scheduled,United States,Foxborough,,,1719.6,1975.1,0.697,1.762,0.1378,0.2379,0.6242,0-1 14.6%; 0-2 13.3%; 1-1 11.0%; 1-2 9.3%; 0-0 9.1%,"{'1x2': {'home': 0.13782519321312037, 'draw': 0.23792592511039645, 'away': 0.6242488816764831}, 'double_chance': {'1X': 0.3757511183235168, '12': 0.7620740748896034, 'X2': 0.8621748067868795}, 'draw_no_bet': {'home': 0.18085537581512162, 'away': 0.8191446241848784}, 'over_under': {'1.5': {'over': 0.70931218743405, 'under': 0.2906878125659498}, '2.5': {'over': 0.4455758695889167, 'under': 0.5544241304110832}, '3.5': {'over': 0.23365351645224863, 'under': 0.7663464835477513}}, 'btts': {'yes': 0.4209190847635712, 'no': 0.5790809152364288}, 'ah': {'-1.5': {'p_home': 0.03844624632807178, 'p_away': 0.961553753671928, 'p_push': 0.0}, '-0.5': {'p_home': 0.13782519321312042, 'p_away': 0.8621748067868795, 'p_push': 0.0}, '+0.5': {'p_home': 0.3757511183235169, 'p_away': 0.6242488816764831, 'p_push': 0.0}, '+1.5': {'p_home': 0.6348069988263608, 'p_away': 0.36519300117363895, 'p_push': 0.0}}, 'team_totals': {'home_over_1_5': 0.15478953008754193, 'away_over_1_5': 0.5256783160643629, 'home_clean_sheet': 0.17174808961457635, 'away_clean_sheet': 0.4980389880748864}, 'correct_score': [{'score': '0-1', 'p': 0.14552452903624677}, {'score': '0-2', 'p': 0.13274050943218815}, {'score': '1-1', 'p': 0.11021384080295835}, {'score': '1-2', 'p': 0.09253034493861283}, {'score': '0-0', 'p': 0.09070616245303396}, {'score': '0-3', 'p': 0.07795093605027033}, {'score': '1-0', 'p': 0.054457121076669064}, {'score': '1-3', 'p': 0.054337798098507445}], 'grid': [[0.0907, 0.1455, 0.1327, 0.078, 0.0343, 0.0121], [0.0545, 0.1102, 0.0925, 0.0543, 0.0239, 0.0084], [0.0208, 0.0366, 0.0323, 0.0189, 0.0083, 0.0029], [0.0048, 0.0085, 0.0075, 0.0044, 0.0019, 0.0007], [0.0008, 0.0015, 0.0013, 0.0008, 0.0003, 0.0001], [0.0001, 0.0002, 0.0002, 0.0001, 0.0, 0.0]]}","{'venue': 'Foxborough', 'stadium': 'Gillette', 'altitude_m': 30, 'temp_c': 27, 'humid': True, 'roof': False, 'alt_home': -0.0, 'alt_away': -0.0, 'heat_home': -0.5, 'heat_away': -2.2, 'heat_severity': 0.1, 'd_home': -0.5, 'd_away': -2.2, 'lean': 'even'}"
19,2026-06-16,2026-06-17T01:00:00Z,group,J,Argentina,Algeria,scheduled,United States,Kansas City,,,2146.0,1888.3,1.763,0.696,0.6247,0.2377,0.1375,1-0 14.6%; 2-0 13.3%; 1-1 11.0%; 2-1 9.3%; 0-0 9.1%,"{'1x2': {'home': 0.6247434349439835, 'draw': 0.23771368306755183, 'away': 0.13754288198846448}, 'double_chance': {'1X': 0.8624571180115354, '12': 0.7622863169324481, 'X2': 0.37525656505601634}, 'draw_no_bet': {'home': 0.819565327445523, 'away': 0.18043467255447693}, 'over_under': {'1.5': {'over': 0.7094952245072366, 'under': 0.2905047754927633}, '2.5': {'over': 0.44580660262666844, 'under': 0.5541933973733314}, '3.5': {'over': 0.23384265373098087, 'under': 0.766157346269019}}, 'btts': {'yes': 0.4208007737409836, 'no': 0.5791992262590164}, 'ah': {'-1.5': {'p_home': 0.3656974717448599, 'p_away': 0.63430252825514, 'p_push': 0.0}, '-0.5': {'p_home': 0.6247434349439837, 'p_away': 0.3752565650560163, 'p_push': 0.0}, '+0.5': {'p_home': 0.8624571180115354, 'p_away': 0.13754288198846448, 'p_push': 0.0}, '+1.5': {'p_home': 0.9616599735547945, 'p_away': 0.03834002644520553, 'p_push': 0.0}}, 'team_totals': {'home_over_1_5': 0.5261247629185244, 'away_over_1_5': 0.1545869701825809, 'home_clean_sheet': 0.49832969449174075, 'away_clean_sheet': 0.17149477970370652}, 'correct_score': [{'score': '1-0', 'p': 0.145520854185582}, {'score': '2-0', 'p': 0.13284441650473403}, {'score': '1-1', 'p': 0.11011552444373471}, {'score': '2-1', 'p': 0.09252525721326617}, {'score': '0-0', 'p': 0.09062524793643098}, {'score': '3-0', 'p': 0.07807731425253042}, {'score': '3-1', 'p': 0.05438033282700258}, {'score': '0-1', 'p': 0.054358673370750385}], 'grid': [[0.0906, 0.0544, 0.0207, 0.0048, 0.0008, 0.0001], [0.1455, 0.1101, 0.0365, 0.0085, 0.0015, 0.0002], [0.1328, 0.0925, 0.0322, 0.0075, 0.0013, 0.0002], [0.0781, 0.0544, 0.0189, 0.0044, 0.0008, 0.0001], [0.0344, 0.024, 0.0083, 0.0019, 0.0003, 0.0], [0.0121, 0.0085, 0.0029, 0.0007, 0.0001, 0.0]]}","{'venue': 'Kansas City', 'stadium': 'Arrowhead', 'altitude_m': 270, 'temp_c': 31, 'humid': True, 'roof': False, 'alt_home': -0.0, 'alt_away': -0.0, 'heat_home': -6.1, 'heat_away': -2.8, 'heat_severity': 0.5, 'd_home': -6.1, 'd_away': -2.8, 'lean': 'even'}"
20,2026-06-16,2026-06-17T04:00:00Z,group,J,Austria,Jordan,scheduled,United States,Santa Clara,,,1894.9,1746.1,1.451,0.846,0.5071,0.2796,0.2132,1-0 14.0%; 1-1 13.0%; 0-0 10.7%; 2-0 10.6%; 2-1 9.0%,"{'1x2': {'home': 0.5071321306314355, 'draw': 0.27961841997628895, 'away': 0.21324944939227558}, 'double_chance': {'1X': 0.7867505506077244, '12': 0.720381580023711, 'X2': 0.4928678693685645}, 'draw_no_bet': {'home': 0.7039770931049396, 'away': 0.2960229068950605}, 'over_under': {'1.5': {'over': 0.6746058942181082, 'under': 0.3253941057818918}, '2.5': {'over': 0.4032547012474713, 'under': 0.5967452987525287}, '3.5': {'over': 0.20011149542650525, 'under': 0.7998885045734948}}, 'btts': {'yes': 0.44328977549684584, 'no': 0.5567102245031541}, 'ah': {'-1.5': {'p_home': 0.257458135350444, 'p_away': 0.742541864649556, 'p_push': 0.0}, '-0.5': {'p_home': 0.5071321306314355, 'p_away': 0.4928678693685645, 'p_push': 0.0}, '+0.5': {'p_home': 0.7867505506077245, 'p_away': 0.21324944939227558, 'p_push': 0.0}, '+1.5': {'p_home': 0.929860251313457, 'p_away': 0.07013974868654294, 'p_push': 0.0}}, 'team_totals': {'home_over_1_5': 0.425628448883579, 'away_over_1_5': 0.20796728615679658, 'home_clean_sheet': 0.4289653998901439, 'away_clean_sheet': 0.23434570812522793}, 'correct_score': [{'score': '1-0', 'p': 0.13978463859796034}, {'score': '1-1', 'p': 0.1295269526031774}, {'score': '0-0', 'p': 0.10660088351221743}, {'score': '2-0', 'p': 0.10581789446863236}, {'score': '2-1', 'p': 0.089562045616578}, {'score': '0-1', 'p': 0.07900858367171408}, {'score': '1-2', 'p': 0.05224370531564764}, {'score': '3-0', 'p': 0.05117911632646965}], 'grid': [[0.1066, 0.079, 0.036, 0.0102, 0.0021, 0.0004], [0.1398, 0.1295, 0.0522, 0.0147, 0.0031, 0.0005], [0.1058, 0.0896, 0.0379, 0.0107, 0.0023, 0.0004], [0.0512, 0.0433, 0.0183, 0.0052, 0.0011, 0.0002], [0.0186, 0.0157, 0.0066, 0.0019, 0.0004, 0.0001], [0.0054, 0.0046, 0.0019, 0.0005, 0.0001, 0.0]]}","{'venue': 'Santa Clara', 'stadium': ""Levi's"", 'altitude_m': 5, 'temp_c': 27, 'humid': False, 'roof': False, 'alt_home': -0.0, 'alt_away': -0.0, 'heat_home': -1.6, 'heat_away': -0.4, 'heat_severity': 0.07, 'd_home': -1.6, 'd_away': -0.4, 'lean': 'even'}"
21,2026-06-17,2026-06-17T23:00:00Z,group,L,Ghana,Panama,scheduled,Canada,Toronto,,,1691.3,1819.9,0.876,1.401,0.2288,0.2852,0.486,0-1 13.7%; 1-1 13.2%; 0-0 10.9%; 0-2 10.1%; 1-2 8.8%,"{'1x2': {'home': 0.2288379484310549, 'draw': 0.2851684554126862, 'away': 0.4859935961562588}, 'double_chance': {'1X': 0.5140064038437411, '12': 0.7148315445873137, 'X2': 0.771162051568945}, 'draw_no_bet': {'home': 0.3201284976352961, 'away': 0.679871502364704}, 'over_under': {'1.5': {'over': 0.6701622640526959, 'under': 0.32983773594730403}, '2.5': {'over': 0.39803443576581593, 'under': 0.601965564234184}, '3.5': {'over': 0.1961310716919424, 'under': 0.8038689283080576}}, 'btts': {'yes': 0.4461493835468183, 'no': 0.5538506164531817}, 'ah': {'-1.5': {'p_home': 0.07749927487960012, 'p_away': 0.9225007251203997, 'p_push': 0.0}, '-0.5': {'p_home': 0.22883794843105495, 'p_away': 0.771162051568945, 'p_push': 0.0}, '+0.5': {'p_home': 0.5140064038437411, 'p_away': 0.48599359615625876, 'p_push': 0.0}, '+1.5': {'p_home': 0.7597145678335169, 'p_away': 0.2402854321664829, 'p_push': 0.0}}, 'team_totals': {'home_over_1_5': 0.21887789630651328, 'away_over_1_5': 0.4086255969150353, 'home_clean_sheet': 0.24626970435014742, 'away_clean_sheet': 0.4162976743942469}, 'correct_score': [{'score': '0-1', 'p': 0.1374710264093439}, {'score': '1-1', 'p': 0.1320978818609035}, {'score': '0-0', 'p': 0.10871676229121288}, {'score': '0-2', 'p': 0.10066181225673203}, {'score': '1-2', 'p': 0.08821545367080479}, {'score': '1-0', 'p': 0.08364994724674725}, {'score': '2-1', 'p': 0.05516767934602358}, {'score': '0-3', 'p': 0.047020081072806745}], 'grid': [[0.1087, 0.1375, 0.1007, 0.047, 0.0165, 0.0046], [0.0836, 0.1321, 0.0882, 0.0412, 0.0144, 0.004], [0.0394, 0.0552, 0.0387, 0.0181, 0.0063, 0.0018], [0.0115, 0.0161, 0.0113, 0.0053, 0.0018, 0.0005], [0.0025, 0.0035, 0.0025, 0.0012, 0.0004, 0.0001], [0.0004, 0.0006, 0.0004, 0.0002, 0.0001, 0.0]]}","{'venue': 'Toronto', 'stadium': 'BMO Field', 'altitude_m': 76, 'temp_c': 26, 'humid': True, 'roof': False, 'alt_home': -0.0, 'alt_away': -0.0, 'heat_home': -0.0, 'heat_away': -0.0, 'heat_severity': 0.0, 'd_home': -0.0, 'd_away': -0.0, 'lean': 'even'}"
22,2026-06-17,2026-06-17T20:00:00Z,group,L,England,Croatia,scheduled,United States,Arlington,,,2082.9,1962.7,1.374,0.894,0.474,0.288,0.238,1-0 13.6%; 1-1 13.3%; 0-0 11.0%; 2-0 9.8%; 2-1 8.7%,"{'1x2': {'home': 0.4740127366054816, 'draw': 0.288018238330015, 'away': 0.23796902506450335}, 'double_chance': {'1X': 0.7620309749354965, '12': 0.711981761669985, 'X2': 0.5259872633945184}, 'draw_no_bet': {'home': 0.6657652795679254, 'away': 0.33423472043207453}, 'over_under': {'1.5': {'over': 0.6678957249905413, 'under': 0.33210427500945877}, '2.5': {'over': 0.3953885045865378, 'under': 0.6046114954134623}, '3.5': {'over': 0.19412661071909837, 'under': 0.8058733892809017}}, 'btts': {'yes': 0.44760794532421533, 'no': 0.5523920546757847}, 'ah': {'-1.5': {'p_home': 0.23083457471010196, 'p_away': 0.7691654252898981, 'p_push': 0.0}, '-0.5': {'p_home': 0.4740127366054816, 'p_away': 0.5259872633945184, 'p_push': 0.0}, '+0.5': {'p_home': 0.7620309749354967, 'p_away': 0.23796902506450326, 'p_push': 0.0}, '+1.5': {'p_home': 0.9180621100736938, 'p_away': 0.0819378899263063, 'p_push': 0.0}}, 'team_totals': {'home_over_1_5': 0.3991125106972624, 'away_over_1_5': 0.22527550816772185, 'home_clean_sheet': 0.4090694444531417, 'away_clean_sheet': 0.2531258151624877}, 'correct_score': [{'score': '1-0', 'p': 0.13600150648806933}, {'score': '1-1', 'p': 0.1334179797889781}, {'score': '0-0', 'p': 0.10980320493984469}, {'score': '2-0', 'p': 0.09772238144200115}, {'score': '2-1', 'p': 0.08735113927647584}, {'score': '0-1', 'p': 0.08629956358154474}, {'score': '1-2', 'p': 0.0568326394947123}, {'score': '3-0', 'p': 0.0447525788041113}], 'grid': [[0.1098, 0.0863, 0.0414, 0.0123, 0.0028, 0.0005], [0.136, 0.1334, 0.0568, 0.0169, 0.0038, 0.0007], [0.0977, 0.0874, 0.039, 0.0116, 0.0026, 0.0005], [0.0448, 0.04, 0.0179, 0.0053, 0.0012, 0.0002], [0.0154, 0.0137, 0.0061, 0.0018, 0.0004, 0.0001], [0.0042, 0.0038, 0.0017, 0.0005, 0.0001, 0.0]]}","{'venue': 'Arlington', 'stadium': 'AT&T Stadium', 'altitude_m': 180, 'temp_c': 35, 'humid': False, 'roof': True, 'alt_home': -0.0, 'alt_away': -0.0, 'heat_home': -5.6, 'heat_away': -3.1, 'heat_severity': 0.26, 'd_home': -5.6, 'd_away': -3.1, 'lean': 'even'}"
23,2026-06-17,2026-06-17T17:00:00Z,group,K,Portugal,DR Congo,scheduled,United States,Houston,,,2043.7,1784.3,1.767,0.695,0.626,0.2372,0.1368,1-0 14.6%; 2-0 13.3%; 1-1 11.0%; 2-1 9.3%; 0-0 9.0%,"{'1x2': {'home': 0.6260403199654425, 'draw': 0.23715575723414617, 'away': 0.13680392280041132}, 'double_chance': {'1X': 0.8631960771995887, '12': 0.7628442427658538, 'X2': 0.3739596800345575}, 'draw_no_bet': {'home': 0.8206659824757939, 'away': 0.17933401752420602}, 'over_under': {'1.5': {'over': 0.7099767035728762, 'under': 0.29002329642712393}, '2.5': {'over': 0.44641393581200695, 'under': 0.5535860641879932}, '3.5': {'over': 0.23434082699352146, 'under': 0.7656591730064786}}, 'btts': {'yes': 0.42048953235409675, 'no': 0.5795104676459033}, 'ah': {'-1.5': {'p_home': 0.36702251800978236, 'p_away': 0.6329774819902177, 'p_push': 0.0}, '-0.5': {'p_home': 0.6260403199654426, 'p_away': 0.3739596800345575, 'p_push': 0.0}, '+0.5': {'p_home': 0.8631960771995888, 'p_away': 0.1368039228004113, 'p_push': 0.0}, '+1.5': {'p_home': 0.9619375585871469, 'p_away': 0.038062441412853074, 'p_push': 0.0}}, 'team_totals': {'home_over_1_5': 0.5272965687151432, 'away_over_1_5': 0.1540565441357751, 'home_clean_sheet': 0.49909209794279286, 'away_clean_sheet': 0.17083091567670095}, 'correct_score': [{'score': '1-0', 'p': 0.14551000125112554}, {'score': '2-0', 'p': 0.13311634271418488}, {'score': '1-1', 'p': 0.10985707783286494}, {'score': '2-1', 'p': 0.09251115059177327}, {'score': '0-0', 'p': 0.0904125459735904}, {'score': '3-0', 'p': 0.07840923696297314}, {'score': '3-1', 'p': 0.054491646784814246}, {'score': '0-1', 'p': 0.054100749202408004}], 'grid': [[0.0904, 0.0541, 0.0206, 0.0048, 0.0008, 0.0001], [0.1455, 0.1099, 0.0364, 0.0084, 0.0015, 0.0002], [0.1331, 0.0925, 0.0321, 0.0074, 0.0013, 0.0002], [0.0784, 0.0545, 0.0189, 0.0044, 0.0008, 0.0001], [0.0346, 0.0241, 0.0084, 0.0019, 0.0003, 0.0], [0.0122, 0.0085, 0.003, 0.0007, 0.0001, 0.0]]}","{'venue': 'Houston', 'stadium': 'NRG Stadium', 'altitude_m': 15, 'temp_c': 34, 'humid': True, 'roof': True, 'alt_home': -0.0, 'alt_away': -0.0, 'heat_home': -3.9, 'heat_away': -0.0, 'heat_severity': 0.32, 'd_home': -3.9, 'd_away': -0.0, 'lean': 'even'}"
24,2026-06-17,2026-06-18T02:00:00Z,group,K,Uzbekistan,Colombia,scheduled,Mexico,Mexico City,,,1812.8,2028.0,0.724,1.696,0.151,0.2473,0.6018,0-1 14.5%; 0-2 12.8%; 1-1 11.5%; 0-0 9.4%; 1-2 9.3%,"{'1x2': {'home': 0.1509564426503847, 'draw': 0.24726425749853642, 'away': 0.601779299851079}, 'double_chance': {'1X': 0.3982207001489211, '12': 0.7527357425014637, 'X2': 0.8490435573496155}, 'draw_no_bet': {'home': 0.20054374214878093, 'away': 0.7994562578512191}, 'over_under': {'1.5': {'over': 0.7013253586883503, 'under': 0.2986746413116498}, '2.5': {'over': 0.4355866947978725, 'under': 0.5644133052021277}, '3.5': {'over': 0.2255307802835943, 'under': 0.7744692197164059}}, 'btts': {'yes': 0.42607704921753115, 'no': 0.5739229507824688}, 'ah': {'-1.5': {'p_home': 0.0434910739728014, 'p_away': 0.9565089260271987, 'p_push': 0.0}, '-0.5': {'p_home': 0.15095644265038477, 'p_away': 0.8490435573496155, 'p_push': 0.0}, '+0.5': {'p_home': 0.3982207001489211, 'p_away': 0.6017792998510789, 'p_push': 0.0}, '+1.5': {'p_home': 0.6572576101269386, 'p_away': 0.34274238987306155, 'p_push': 0.0}}, 'team_totals': {'home_over_1_5': 0.16416537708304244, 'away_over_1_5': 0.5056267788895633, 'home_clean_sheet': 0.18334739656948734, 'away_clean_sheet': 0.48484183435493927}, 'correct_score': [{'score': '0-1', 'p': 0.1454265392371865}, {'score': '0-2', 'p': 0.12790521220978393}, {'score': '1-1', 'p': 0.11453961353543386}, {'score': '0-0', 'p': 0.09426628014195765}, {'score': '1-2', 'p': 0.09259474724341399}, {'score': '0-3', 'p': 0.07232504130586541}, {'score': '1-0', 'p': 0.05898182193250566}, {'score': '1-3', 'p': 0.05235845203948469}], 'grid': [[0.0943, 0.1454, 0.1279, 0.0723, 0.0307, 0.0104], [0.059, 0.1145, 0.0926, 0.0524, 0.0222, 0.0075], [0.0233, 0.0395, 0.0335, 0.019, 0.008, 0.0027], [0.0056, 0.0095, 0.0081, 0.0046, 0.0019, 0.0007], [0.001, 0.0017, 0.0015, 0.0008, 0.0004, 0.0001], [0.0001, 0.0002, 0.0002, 0.0001, 0.0001, 0.0]]}","{'venue': 'Mexico City', 'stadium': 'Estadio Azteca', 'altitude_m': 2240, 'temp_c': 24, 'humid': False, 'roof': False, 'alt_home': -18.0, 'alt_away': -0.0, 'heat_home': -0.0, 'heat_away': -0.0, 'heat_severity': 0.0, 'd_home': -18.0, 'd_away': -0.0, 'lean': 'away'}"
25,2026-06-18,2026-06-18T16:00:00Z,group,A,Czech Republic,South Africa,scheduled,United States,Atlanta,,,1803.0,1675.4,1.394,0.881,0.4828,0.286,0.2313,1-0 13.7%; 1-1 13.2%; 0-0 10.9%; 2-0 10.0%; 2-1 8.8%,"{'1x2': {'home': 0.4827729430955331, 'draw': 0.2859559370692366, 'away': 0.23127111983523033}, 'double_chance': {'1X': 0.7687288801647697, '12': 0.7140440629307634, 'X2': 0.5172270569044669}, 'draw_no_bet': {'home': 0.6761108566802057, 'away': 0.3238891433197944}, 'over_under': {'1.5': {'over': 0.6695349310785016, 'under': 0.33046506892149846}, '2.5': {'over': 0.39730096721708863, 'under': 0.6026990327829114}, '3.5': {'over': 0.1955745441538931, 'under': 0.8044254558461068}}, 'btts': {'yes': 0.4465530830424324, 'no': 0.5534469169575675}, 'ah': {'-1.5': {'p_home': 0.2377250687805353, 'p_away': 0.7622749312194647, 'p_push': 0.0}, '-0.5': {'p_home': 0.4827729430955329, 'p_away': 0.5172270569044669, 'p_push': 0.0}, '+0.5': {'p_home': 0.7687288801647698, 'p_away': 0.23127111983523035, 'p_push': 0.0}, '+1.5': {'p_home': 0.9213271839688096, 'p_away': 0.0786728160311903, 'p_push': 0.0}}, 'team_totals': {'home_over_1_5': 0.40605972895258285, 'away_over_1_5': 0.22058200708303152, 'home_clean_sheet': 0.4143582926159495, 'away_clean_sheet': 0.24810560376568327}, 'correct_score': [{'score': '1-0', 'p': 0.13708709720299694}, {'score': '1-1', 'p': 0.13246266505083967}, {'score': '0-0', 'p': 0.10901697942406509}, {'score': '2-0', 'p': 0.09987263709675254}, {'score': '2-1', 'p': 0.08799021430616234}, {'score': '0-1', 'p': 0.08436099229443643}, {'score': '1-2', 'p': 0.05561478737020832}, {'score': '3-0', 'p': 0.04640419200087153}], 'grid': [[0.109, 0.0844, 0.0399, 0.0117, 0.0026, 0.0005], [0.1371, 0.1325, 0.0556, 0.0163, 0.0036, 0.0006], [0.0999, 0.088, 0.0388, 0.0114, 0.0025, 0.0004], [0.0464, 0.0409, 0.018, 0.0053, 0.0012, 0.0002], [0.0162, 0.0142, 0.0063, 0.0018, 0.0004, 0.0001], [0.0045, 0.004, 0.0017, 0.0005, 0.0001, 0.0]]}","{'venue': 'Atlanta', 'stadium': 'Mercedes-Benz', 'altitude_m': 320, 'temp_c': 31, 'humid': True, 'roof': True, 'alt_home': -0.0, 'alt_away': -0.0, 'heat_home': -4.4, 'heat_away': -2.4, 'heat_severity': 0.2, 'd_home': -4.4, 'd_away': -2.4, 'lean': 'even'}"
26,2026-06-18,2026-06-18T19:00:00Z,group,B,Switzerland,Bosnia and Herzegovina,scheduled,United States,Inglewood,,,1931.2,1719.1,1.632,0.752,0.5786,0.2562,0.1651,1-0 14.5%; 2-0 12.3%; 1-1 11.9%; 0-0 9.8%; 2-1 9.2%,"{'1x2': {'home': 0.5786235992587536, 'draw': 0.25624908073900804, 'away': 0.16512732000223823}, 'double_chance': {'1X': 0.8348726799977617, '12': 0.7437509192609919, 'X2': 0.42137640074124627}, 'draw_no_bet': {'home': 0.7779803483586782, 'away': 0.22201965164132173}, 'over_under': {'1.5': {'over': 0.6937606317513365, 'under': 0.3062393682486634}, '2.5': {'over': 0.42626559204189923, 'under': 0.5737344079581006}, '3.5': {'over': 0.21806648502375298, 'under': 0.7819335149762469}}, 'btts': {'yes': 0.43095549952917084, 'no': 0.5690445004708291}, 'ah': {'-1.5': {'p_home': 0.32053477740138053, 'p_away': 0.6794652225986194, 'p_push': 0.0}, '-0.5': {'p_home': 0.5786235992587535, 'p_away': 0.42137640074124627, 'p_push': 0.0}, '+0.5': {'p_home': 0.8348726799977616, 'p_away': 0.16512732000223826, 'p_push': 0.0}, '+1.5': {'p_home': 0.9508382118464139, 'p_away': 0.04916178815358602, 'p_push': 0.0}}, 'team_totals': {'home_over_1_5': 0.4854176257098022, 'away_over_1_5': 0.1742021869090179, 'home_clean_sheet': 0.47124346169516673, 'away_clean_sheet': 0.19549266584475242}, 'correct_score': [{'score': '1-0', 'p': 0.1448019523187407}, {'score': '2-0', 'p': 0.12271862126728046}, {'score': '1-1', 'p': 0.11870163109534705}, {'score': '0-0', 'p': 0.09769162706909}, {'score': '2-1', 'p': 0.09233108722844187}, {'score': '3-0', 'p': 0.06676848789833115}, {'score': '0-1', 'p': 0.06374578886083268}, {'score': '3-1', 'p': 0.050235302650810124}], 'grid': [[0.0977, 0.0637, 0.0261, 0.0065, 0.0012, 0.0002], [0.1448, 0.1187, 0.0426, 0.0107, 0.002, 0.0003], [0.1227, 0.0923, 0.0347, 0.0087, 0.0016, 0.0002], [0.0668, 0.0502, 0.0189, 0.0047, 0.0009, 0.0001], [0.0272, 0.0205, 0.0077, 0.0019, 0.0004, 0.0001], [0.0089, 0.0067, 0.0025, 0.0006, 0.0001, 0.0]]}","{'venue': 'Inglewood', 'stadium': 'SoFi Stadium', 'altitude_m': 30, 'temp_c': 24, 'humid': False, 'roof': True, 'alt_home': -0.0, 'alt_away': -0.0, 'heat_home': -0.0, 'heat_away': -0.0, 'heat_severity': 0.0, 'd_home': -0.0, 'd_away': -0.0, 'lean': 'even'}"
27,2026-06-18,2026-06-18T22:00:00Z,group,B,Canada,Qatar,scheduled,Canada,Vancouver,,,1878.0,1607.5,2.289,0.676,0.7345,0.176,0.0896,2-0 13.5%; 1-0 11.4%; 3-0 10.3%; 2-1 9.1%; 1-1 8.4%,"{'1x2': {'home': 0.734453658239005, 'draw': 0.1759519573890401, 'away': 0.08959438437195488}, 'double_chance': {'1X': 0.9104056156280451, '12': 0.8240480426109599, 'X2': 0.265546341760995}, 'draw_no_bet': {'home': 0.8912752901055635, 'away': 0.10872470989443653}, 'over_under': {'1.5': {'over': 0.7995104421634073, 'under': 0.20048955783659272}, '2.5': {'over': 0.5689502080315599, 'under': 0.43104979196844}, '3.5': {'over': 0.34494771188001366, 'under': 0.6550522881199863}}, 'btts': {'yes': 0.4456052106541533, 'no': 0.5543947893458467}, 'ah': {'-1.5': {'p_home': 0.5022036795881297, 'p_away': 0.49779632041187016, 'p_push': 0.0}, '-0.5': {'p_home': 0.7344536582390049, 'p_away': 0.26554634176099495, 'p_push': 0.0}, '+0.5': {'p_home': 0.910405615628045, 'p_away': 0.08959438437195488, 'p_push': 0.0}, '+1.5': {'p_home': 0.9762638283159433, 'p_away': 0.02373617168405667, 'p_push': 0.0}}, 'team_totals': {'home_over_1_5': 0.6665606268357127, 'away_over_1_5': 0.1476131002227066, 'home_clean_sheet': 0.5084902445579861, 'away_clean_sheet': 0.10138433062010661}, 'correct_score': [{'score': '2-0', 'p': 0.13504042984288786}, {'score': '1-0', 'p': 0.11407088257332393}, {'score': '3-0', 'p': 0.10302976965870841}, {'score': '2-1', 'p': 0.0913290916381599}, {'score': '1-1', 'p': 0.08372979571859808}, {'score': '3-1', 'p': 0.06967998610169014}, {'score': '4-0', 'p': 0.05895530757868204}, {'score': '0-0', 'p': 0.05547978583224607}], 'grid': [[0.0555, 0.0309, 0.0118, 0.0027, 0.0004, 0.0001], [0.1141, 0.0837, 0.027, 0.0061, 0.001, 0.0001], [0.135, 0.0913, 0.0309, 0.007, 0.0012, 0.0002], [0.103, 0.0697, 0.0236, 0.0053, 0.0009, 0.0001], [0.059, 0.0399, 0.0135, 0.003, 0.0005, 0.0001], [0.027, 0.0183, 0.0062, 0.0014, 0.0002, 0.0]]}","{'venue': 'Vancouver', 'stadium': 'BC Place', 'altitude_m': 3, 'temp_c': 22, 'humid': False, 'roof': True, 'alt_home': -0.0, 'alt_away': -0.0, 'heat_home': -0.0, 'heat_away': -0.0, 'heat_severity': 0.0, 'd_home': -0.0, 'd_away': -0.0, 'lean': 'even'}"
28,2026-06-18,2026-06-19T01:00:00Z,group,A,Mexico,South Korea,scheduled,Mexico,Zapopan,,,1960.6,1890.0,1.631,0.949,0.528,0.2585,0.2134,1-1 12.3%; 1-0 11.8%; 2-0 10.1%; 2-1 9.6%; 0-0 8.2%,"{'1x2': {'home': 0.5280436053372017, 'draw': 0.2585408398148118, 'away': 0.2134155548479866}, 'double_chance': {'1X': 0.7865844451520135, '12': 0.7414591601851883, 'X2': 0.4719563946627984}, 'draw_no_bet': {'home': 0.7121681593431478, 'away': 0.28783184065685224}, 'over_under': {'1.5': {'over': 0.7345582964889038, 'under': 0.2654417035110962}, '2.5': {'over': 0.47661417544480744, 'under': 0.5233858245551926}, '3.5': {'over': 0.25971886391891924, 'under': 0.7402811360810808}}, 'btts': {'yes': 0.498682951420567, 'no': 0.5013170485794329}, 'ah': {'-1.5': {'p_home': 0.2864494025781771, 'p_away': 0.713550597421823, 'p_push': 0.0}, '-0.5': {'p_home': 0.5280436053372018, 'p_away': 0.4719563946627983, 'p_push': 0.0}, '+0.5': {'p_home': 0.7865844451520135, 'p_away': 0.21341555484798655, 'p_push': 0.0}, '+1.5': {'p_home': 0.9246720353453386, 'p_away': 0.07532796465466172, 'p_push': 0.0}}, 'team_totals': {'home_over_1_5': 0.48518071534395096, 'away_over_1_5': 0.24541899396875538, 'home_clean_sheet': 0.3872002661580144, 'away_clean_sheet': 0.19563784439005494}, 'correct_score': [{'score': '1-1', 'p': 0.12303115022895102}, {'score': '1-0', 'p': 0.11781710207346449}, {'score': '2-0', 'p': 0.10081567047328426}, {'score': '2-1', 'p': 0.09565524315568533}, {'score': '0-0', 'p': 0.08152106196863629}, {'score': '0-1', 'p': 0.06610353946899543}, {'score': '1-2', 'p': 0.055629448720559686}, {'score': '3-0', 'p': 0.05482662962163316}], 'grid': [[0.0815, 0.0661, 0.0341, 0.0108, 0.0026, 0.0005], [0.1178, 0.123, 0.0556, 0.0176, 0.0042, 0.0008], [0.1008, 0.0957, 0.0454, 0.0144, 0.0034, 0.0006], [0.0548, 0.052, 0.0247, 0.0078, 0.0019, 0.0004], [0.0224, 0.0212, 0.0101, 0.0032, 0.0008, 0.0001], [0.0073, 0.0069, 0.0033, 0.001, 0.0002, 0.0]]}","{'venue': 'Zapopan', 'stadium': 'Estadio Akron', 'altitude_m': 1566, 'temp_c': 28, 'humid': False, 'roof': False, 'alt_home': -0.0, 'alt_away': -14.4, 'heat_home': -1.7, 'heat_away': -1.7, 'heat_severity': 0.14, 'd_home': -1.7, 'd_away': -16.1, 'lean': 'home'}"
29,2026-06-19,2026-06-20T00:30:00Z,group,C,Brazil,Haiti,scheduled,United States,Philadelphia,,,2052.3,1707.5,2.08,0.591,0.7183,0.1926,0.0891,2-0 15.0%; 1-0 14.0%; 3-0 10.4%; 1-1 8.9%; 2-1 8.8%,"{'1x2': {'home': 0.7183413609538525, 'draw': 0.19260347896567642, 'away': 0.089055160080471}, 'double_chance': {'1X': 0.9109448399195289, '12': 0.8073965210343235, 'X2': 0.2816586390461474}, 'draw_no_bet': {'home': 0.8897008374938425, 'away': 0.11029916250615743}, 'over_under': {'1.5': {'over': 0.7500516930273481, 'under': 0.24994830697265186}, '2.5': {'over': 0.4990271143883544, 'under': 0.5009728856116455}, '3.5': {'over': 0.27932765037030394, 'under': 0.7206723496296961}}, 'btts': {'yes': 0.3944102207184062, 'no': 0.6055897792815939}, 'ah': {'-1.5': {'p_home': 0.47003770755568725, 'p_away': 0.5299622924443129, 'p_push': 0.0}, '-0.5': {'p_home': 0.7183413609538525, 'p_away': 0.28165863904614746, 'p_push': 0.0}, '+0.5': {'p_home': 0.910944839919529, 'p_away': 0.089055160080471, 'p_push': 0.0}, '+1.5': {'p_home': 0.9784561993882571, 'p_away': 0.021543800611743037, 'p_push': 0.0}}, 'team_totals': {'home_over_1_5': 0.615111416165424, 'away_over_1_5': 0.11879032836467865, 'home_clean_sheet': 0.554038071755681, 'away_clean_sheet': 0.12497927723683874}, 'correct_score': [{'score': '2-0', 'p': 0.14973222075078632}, {'score': '1-0', 'p': 0.1398153591175574}, {'score': '3-0', 'p': 0.10379533453088104}, {'score': '1-1', 'p': 0.08921923560439876}, {'score': '2-1', 'p': 0.08842015145516752}, {'score': '0-0', 'p': 0.07342756971092584}, {'score': '3-1', 'p': 0.061293415362051136}, {'score': '4-0', 'p': 0.05396369306664876}], 'grid': [[0.0734, 0.0367, 0.0121, 0.0024, 0.0004, 0.0], [0.1398, 0.0892, 0.0251, 0.0049, 0.0007, 0.0001], [0.1497, 0.0884, 0.0261, 0.0051, 0.0008, 0.0001], [0.1038, 0.0613, 0.0181, 0.0036, 0.0005, 0.0001], [0.054, 0.0319, 0.0094, 0.0019, 0.0003, 0.0], [0.0224, 0.0133, 0.0039, 0.0008, 0.0001, 0.0]]}","{'venue': 'Philadelphia', 'stadium': 'Lincoln Financial', 'altitude_m': 12, 'temp_c': 30, 'humid': True, 'roof': False, 'alt_home': -0.0, 'alt_away': -0.0, 'heat_home': -0.0, 'heat_away': -0.0, 'heat_severity': 0.4, 'd_home': -0.0, 'd_away': -0.0, 'lean': 'even'}"
30,2026-06-19,2026-06-19T22:00:00Z,group,C,Scotland,Morocco,scheduled,United States,Foxborough,,,1864.4,1984.4,0.888,1.384,0.2347,0.287,0.4783,0-1 13.7%; 1-1 13.3%; 0-0 10.9%; 0-2 9.9%; 1-2 8.8%,"{'1x2': {'home': 0.23465729769694657, 'draw': 0.28701769826634393, 'away': 0.4783250040367094}, 'double_chance': {'1X': 0.5216749959632905, '12': 0.712982301733656, 'X2': 0.7653427023030533}, 'draw_no_bet': {'home': 0.3291207890102803, 'away': 0.6708792109897198}, 'over_under': {'1.5': {'over': 0.6686903320885762, 'under': 0.3313096679114237}, '2.5': {'over': 0.3963148382198302, 'under': 0.6036851617801697}, '3.5': {'over': 0.19482736981965776, 'under': 0.8051726301803422}}, 'btts': {'yes': 0.4470965980865333, 'no': 0.5529034019134667}, 'ah': {'-1.5': {'p_home': 0.08031715200873411, 'p_away': 0.9196828479912659, 'p_push': 0.0}, '-0.5': {'p_home': 0.2346572976969466, 'p_away': 0.7653427023030533, 'p_push': 0.0}, '+0.5': {'p_home': 0.5216749959632906, 'p_away': 0.47832500403670947, 'p_push': 0.0}, '+1.5': {'p_home': 0.7657869557084406, 'p_away': 0.23421304429155948, 'p_push': 0.0}}, 'team_totals': {'home_over_1_5': 0.22295434145694187, 'away_over_1_5': 0.4025265248128258, 'home_clean_sheet': 0.25064969255253955, 'away_clean_sheet': 0.4116754714230608}, 'correct_score': [{'score': '0-1', 'p': 0.13654341249832053}, {'score': '1-1', 'p': 0.13295450207740353}, {'score': '0-0', 'p': 0.10942176206213386}, {'score': '0-2', 'p': 0.09878148727652362}, {'score': '1-2', 'p': 0.08767053904245146}, {'score': '1-0', 'p': 0.08534449335096932}, {'score': '2-1', 'p': 0.05623285046428824}, {'score': '0-3', 'p': 0.04556128877535279}], 'grid': [[0.1094, 0.1365, 0.0988, 0.0456, 0.0158, 0.0044], [0.0853, 0.133, 0.0877, 0.0404, 0.014, 0.0039], [0.0406, 0.0562, 0.0389, 0.0179, 0.0062, 0.0017], [0.012, 0.0166, 0.0115, 0.0053, 0.0018, 0.0005], [0.0027, 0.0037, 0.0026, 0.0012, 0.0004, 0.0001], [0.0005, 0.0007, 0.0005, 0.0002, 0.0001, 0.0]]}","{'venue': 'Foxborough', 'stadium': 'Gillette', 'altitude_m': 30, 'temp_c': 27, 'humid': True, 'roof': False, 'alt_home': -0.0, 'alt_away': -0.0, 'heat_home': -2.2, 'heat_away': -0.5, 'heat_severity': 0.1, 'd_home': -2.2, 'd_away': -0.5, 'lean': 'even'}"
31,2026-06-19,2026-06-20T03:00:00Z,group,D,Turkey,Paraguay,scheduled,United States,Santa Clara,,,1928.5,1864.6,1.243,0.988,0.4144,0.2988,0.2868,1-1 13.8%; 1-0 12.7%; 0-0 11.4%; 0-1 10.0%; 2-0 8.3%,"{'1x2': {'home': 0.4143981149993508, 'draw': 0.2987787803260575, 'away': 0.28682310467459166}, 'double_chance': {'1X': 0.7131768953254083, '12': 0.7012212196739425, 'X2': 0.5856018850006491}, 'draw_no_bet': {'home': 0.5909663075969661, 'away': 0.4090336924030339}, 'over_under': {'1.5': {'over': 0.6594280431726508, 'under': 0.3405719568273491}, '2.5': {'over': 0.3856022853348412, 'under': 0.6143977146651587}, '3.5': {'over': 0.1867889961176015, 'under': 0.8132110038823984}}, 'btts': {'yes': 0.45305770951127244, 'no': 0.5469422904887276}, 'ah': {'-1.5': {'p_home': 0.18671076557054694, 'p_away': 0.8132892344294529, 'p_push': 0.0}, '-0.5': {'p_home': 0.41439811499935086, 'p_away': 0.585601885000649, 'p_push': 0.0}, '+0.5': {'p_home': 0.7131768953254083, 'p_away': 0.28682310467459166, 'p_push': 0.0}, '+1.5': {'p_home': 0.8927052865650509, 'p_away': 0.10729471343494906, 'p_push': 0.0}}, 'team_totals': {'home_over_1_5': 0.35299207481853956, 'away_over_1_5': 0.25970842494490703, 'home_clean_sheet': 0.37244028637549864, 'away_clean_sheet': 0.2884075256456132}, 'correct_score': [{'score': '1-1', 'p': 0.13840255917836197}, {'score': '1-0', 'p': 0.12706629540941602}, {'score': '0-0', 'p': 0.11390552153238431}, {'score': '0-1', 'p': 0.09960013988554876}, {'score': '2-0', 'p': 0.0830312556912208}, {'score': '2-1', 'p': 0.08200819171293006}, {'score': '1-2', 'p': 0.06514313951693251}, {'score': '0-2', 'p': 0.052391942968226836}], 'grid': [[0.1139, 0.0996, 0.0524, 0.0172, 0.0043, 0.0008], [0.1271, 0.1384, 0.0651, 0.0214, 0.0053, 0.001], [0.083, 0.082, 0.0405, 0.0133, 0.0033, 0.0007], [0.0344, 0.034, 0.0168, 0.0055, 0.0014, 0.0003], [0.0107, 0.0106, 0.0052, 0.0017, 0.0004, 0.0001], [0.0027, 0.0026, 0.0013, 0.0004, 0.0001, 0.0]]}","{'venue': 'Santa Clara', 'stadium': ""Levi's"", 'altitude_m': 5, 'temp_c': 27, 'humid': False, 'roof': False, 'alt_home': -0.0, 'alt_away': -0.0, 'heat_home': -0.9, 'heat_away': -0.0, 'heat_severity': 0.07, 'd_home': -0.9, 'd_away': -0.0, 'lean': 'even'}"
32,2026-06-19,2026-06-19T19:00:00Z,group,D,United States,Australia,scheduled,United States,Seattle,,,1894.2,1912.8,1.35,1.146,0.4079,0.2811,0.311,1-1 13.4%; 1-0 10.5%; 0-0 8.9%; 0-1 8.8%; 2-1 8.6%,"{'1x2': {'home': 0.4079388784999213, 'draw': 0.281090462788112, 'away': 0.3109706587119668}, 'double_chance': {'1X': 0.6890293412880333, '12': 0.7189095372118881, 'X2': 0.5920611215000788}, 'draw_no_bet': {'home': 0.5674411833260841, 'away': 0.4325588166739158}, 'over_under': {'1.5': {'over': 0.718293879026511, 'under': 0.281706120973489}, '2.5': {'over': 0.45533500859159, 'under': 0.54466499140841}, '3.5': {'over': 0.2417143693383283, 'under': 0.7582856306616718}}, 'btts': {'yes': 0.5116903430430987, 'no': 0.4883096569569013}, 'ah': {'-1.5': {'p_home': 0.19164378284226688, 'p_away': 0.8083562171577332, 'p_push': 0.0}, '-0.5': {'p_home': 0.4079388784999213, 'p_away': 0.5920611215000787, 'p_push': 0.0}, '+0.5': {'p_home': 0.6890293412880333, 'p_away': 0.3109706587119667, 'p_push': 0.0}, '+1.5': {'p_home': 0.8717466635447405, 'p_away': 0.12825333645525958, 'p_push': 0.0}}, 'team_totals': {'home_over_1_5': 0.3908511981162536, 'away_over_1_5': 0.31795334775061135, 'home_clean_sheet': 0.3177494112097552, 'away_clean_sheet': 0.2591914772854818}, 'correct_score': [{'score': '1-1', 'p': 0.1337617800730464}, {'score': '1-0', 'p': 0.10492544159935262}, {'score': '0-0', 'p': 0.08863123153833566}, {'score': '0-1', 'p': 0.08814944783580074}, {'score': '2-1', 'p': 0.08606673835553987}, {'score': '2-0', 'p': 0.0750696199597119}, {'score': '1-2', 'p': 0.07308228236358603}, {'score': '0-2', 'p': 0.05412747040216261}], 'grid': [[0.0886, 0.0881, 0.0541, 0.0207, 0.0059, 0.0014], [0.1049, 0.1338, 0.0731, 0.0279, 0.008, 0.0018], [0.0751, 0.0861, 0.0493, 0.0189, 0.0054, 0.0012], [0.0338, 0.0387, 0.0222, 0.0085, 0.0024, 0.0006], [0.0114, 0.0131, 0.0075, 0.0029, 0.0008, 0.0002], [0.0031, 0.0035, 0.002, 0.0008, 0.0002, 0.0001]]}","{'venue': 'Seattle', 'stadium': 'Lumen Field', 'altitude_m': 50, 'temp_c': 24, 'humid': False, 'roof': False, 'alt_home': -0.0, 'alt_away': -0.0, 'heat_home': -0.0, 'heat_away': -0.0, 'heat_severity': 0.0, 'd_home': -0.0, 'd_away': -0.0, 'lean': 'even'}"
33,2026-06-20,2026-06-20T20:00:00Z,group,E,Germany,Ivory Coast,scheduled,Canada,Toronto,,,2020.8,1888.1,1.412,0.87,0.4906,0.284,0.2254,1-0 13.8%; 1-1 13.2%; 0-0 10.8%; 2-0 10.2%; 2-1 8.9%,"{'1x2': {'home': 0.490571222026245, 'draw': 0.2840224180690092, 'away': 0.2254063599047459}, 'double_chance': {'1X': 0.7745936400952542, '12': 0.7159775819309908, 'X2': 0.5094287779737551}, 'draw_no_bet': {'home': 0.685176791015125, 'away': 0.31482320898487515}, 'over_under': {'1.5': {'over': 0.6710766312130555, 'under': 0.3289233687869445}, '2.5': {'over': 0.39910504990539525, 'under': 0.6008949500946048}, '3.5': {'over': 0.19694462258691747, 'under': 0.8030553774130826}}, 'btts': {'yes': 0.4455609720168693, 'no': 0.5544390279831307}, 'ah': {'-1.5': {'p_home': 0.24394985156280294, 'p_away': 0.7560501484371972, 'p_push': 0.0}, '-0.5': {'p_home': 0.4905712220262449, 'p_away': 0.509428777973755, 'p_push': 0.0}, '+0.5': {'p_home': 0.7745936400952542, 'p_away': 0.22540635990474586, 'p_push': 0.0}, '+1.5': {'p_home': 0.9241444251723606, 'p_away': 0.07585557482763934, 'p_push': 0.0}}, 'team_totals': {'home_over_1_5': 0.4122836029225513, 'away_over_1_5': 0.21647519640563717, 'home_clean_sheet': 0.4190497296878451, 'away_clean_sheet': 0.24366914876436493}, 'correct_score': [{'score': '1-0', 'p': 0.13800254685933985}, {'score': '1-1', 'p': 0.13156700580235015}, {'score': '0-0', 'p': 0.10827985046907926}, {'score': '2-0', 'p': 0.10178205156792307}, {'score': '2-1', 'p': 0.08852653549069167}, {'score': '0-1', 'p': 0.08264097145852535}, {'score': '1-2', 'p': 0.054532849771696396}, {'score': '3-0', 'p': 0.04790352676594223}], 'grid': [[0.1083, 0.0826, 0.0386, 0.0112, 0.0024, 0.0004], [0.138, 0.1316, 0.0545, 0.0158, 0.0034, 0.0006], [0.1018, 0.0885, 0.0385, 0.0112, 0.0024, 0.0004], [0.0479, 0.0417, 0.0181, 0.0053, 0.0011, 0.0002], [0.0169, 0.0147, 0.0064, 0.0019, 0.0004, 0.0001], [0.0048, 0.0042, 0.0018, 0.0005, 0.0001, 0.0]]}","{'venue': 'Toronto', 'stadium': 'BMO Field', 'altitude_m': 76, 'temp_c': 26, 'humid': True, 'roof': False, 'alt_home': -0.0, 'alt_away': -0.0, 'heat_home': -0.0, 'heat_away': -0.0, 'heat_severity': 0.0, 'd_home': -0.0, 'd_away': -0.0, 'lean': 'even'}"
34,2026-06-20,2026-06-21T00:00:00Z,group,E,Ecuador,Curaçao,scheduled,United States,Kansas City,,,1971.2,1618.8,2.109,0.582,0.7258,0.1886,0.0856,2-0 15.1%; 1-0 13.9%; 3-0 10.6%; 2-1 8.8%; 1-1 8.7%,"{'1x2': {'home': 0.7258457814730129, 'draw': 0.18857696848248634, 'away': 0.08557725004450074}, 'double_chance': {'1X': 0.9144227499554993, '12': 0.8114230315175137, 'X2': 0.27415421852698707}, 'draw_no_bet': {'home': 0.8945343591191204, 'away': 0.10546564088087959}, 'over_under': {'1.5': {'over': 0.7538445863303668, 'under': 0.24615541366963323}, '2.5': {'over': 0.5042278729663695, 'under': 0.4957721270336306}, '3.5': {'over': 0.2839744265593574, 'under': 0.7160255734406427}}, 'btts': {'yes': 0.3919180104267121, 'no': 0.6080819895732879}, 'ah': {'-1.5': {'p_home': 0.4792446614644397, 'p_away': 0.5207553385355603, 'p_push': 0.0}, '-0.5': {'p_home': 0.7258457814730129, 'p_away': 0.2741542185269871, 'p_push': 0.0}, '+0.5': {'p_home': 0.9144227499554992, 'p_away': 0.08557725004450074, 'p_push': 0.0}, '+1.5': {'p_home': 0.9795459580981585, 'p_away': 0.020454041901841594, 'p_push': 0.0}}, 'team_totals': {'home_over_1_5': 0.6226800416285553, 'away_over_1_5': 0.116109680042455, 'home_clean_sheet': 0.5586093763075648, 'away_clean_sheet': 0.12136512825809469}, 'correct_score': [{'score': '2-0', 'p': 0.15076862193330084}, {'score': '1-0', 'p': 0.13888195162189743}, {'score': '3-0', 'p': 0.10598859152605085}, {'score': '2-1', 'p': 0.08779329831418556}, {'score': '1-1', 'p': 0.08735404506167062}, {'score': '0-0', 'p': 0.07189251499237168}, {'score': '3-1', 'p': 0.06171766986013482}, {'score': '4-0', 'p': 0.055881562371673715}], 'grid': [[0.0719, 0.0354, 0.0115, 0.0022, 0.0003, 0.0], [0.1389, 0.0874, 0.0242, 0.0047, 0.0007, 0.0001], [0.1508, 0.0878, 0.0256, 0.005, 0.0007, 0.0001], [0.106, 0.0617, 0.018, 0.0035, 0.0005, 0.0001], [0.0559, 0.0325, 0.0095, 0.0018, 0.0003, 0.0], [0.0236, 0.0137, 0.004, 0.0008, 0.0001, 0.0]]}","{'venue': 'Kansas City', 'stadium': 'Arrowhead', 'altitude_m': 270, 'temp_c': 31, 'humid': True, 'roof': False, 'alt_home': -0.0, 'alt_away': -0.0, 'heat_home': -0.0, 'heat_away': -0.0, 'heat_severity': 0.5, 'd_home': -0.0, 'd_away': -0.0, 'lean': 'even'}"
35,2026-06-20,2026-06-20T17:00:00Z,group,F,Netherlands,Sweden,scheduled,United States,Houston,,,2011.1,1854.3,1.476,0.832,0.5174,0.2767,0.2059,1-0 14.1%; 1-1 12.8%; 2-0 10.8%; 0-0 10.5%; 2-1 9.0%,"{'1x2': {'home': 0.517426595277926, 'draw': 0.27668166443564524, 'away': 0.20589174028642881}, 'double_chance': {'1X': 0.7941082597135712, '12': 0.7233183355643549, 'X2': 0.48257340472207405}, 'draw_no_bet': {'home': 0.7153511391000673, 'away': 0.2846488608999326}, 'over_under': {'1.5': {'over': 0.6769731769754426, 'under': 0.32302682302455743}, '2.5': {'over': 0.4060536060380946, 'under': 0.5939463939619054}, '3.5': {'over': 0.20225973813979156, 'under': 0.7977402618602084}}, 'btts': {'yes': 0.4417662487204916, 'no': 0.5582337512795084}, 'ah': {'-1.5': {'p_home': 0.2660568028342375, 'p_away': 0.7339431971657626, 'p_push': 0.0}, '-0.5': {'p_home': 0.5174265952779262, 'p_away': 0.482573404722074, 'p_push': 0.0}, '+0.5': {'p_home': 0.7941082597135714, 'p_away': 0.20589174028642881, 'p_push': 0.0}, '+1.5': {'p_home': 0.9332383510304998, 'p_away': 0.06676164896950033, 'p_push': 0.0}}, 'team_totals': {'home_over_1_5': 0.4340140501561771, 'away_over_1_5': 0.20281874539485487, 'home_clean_sheet': 0.4351000020006069, 'away_clean_sheet': 0.22861503296175673}, 'correct_score': [{'score': '1-0', 'p': 0.14077920422650764}, {'score': '1-1', 'p': 0.12816656656082603}, {'score': '2-0', 'p': 0.10831025735129682}, {'score': '0-0', 'p': 0.10548128368285511}, {'score': '2-1', 'p': 0.0901335634827755}, {'score': '0-1', 'p': 0.07676633511519472}, {'score': '3-0', 'p': 0.05327840191572498}, {'score': '1-2', 'p': 0.05082772114019765}], 'grid': [[0.1055, 0.0768, 0.0344, 0.0096, 0.002, 0.0003], [0.1408, 0.1282, 0.0508, 0.0141, 0.0029, 0.0005], [0.1083, 0.0901, 0.0375, 0.0104, 0.0022, 0.0004], [0.0533, 0.0443, 0.0184, 0.0051, 0.0011, 0.0002], [0.0197, 0.0164, 0.0068, 0.0019, 0.0004, 0.0001], [0.0058, 0.0048, 0.002, 0.0006, 0.0001, 0.0]]}","{'venue': 'Houston', 'stadium': 'NRG Stadium', 'altitude_m': 15, 'temp_c': 34, 'humid': True, 'roof': True, 'alt_home': -0.0, 'alt_away': -0.0, 'heat_home': -7.0, 'heat_away': -7.0, 'heat_severity': 0.32, 'd_home': -7.0, 'd_away': -7.0, 'lean': 'even'}"
36,2026-06-20,2026-06-21T04:00:00Z,group,F,Tunisia,Japan,scheduled,Mexico,Guadalupe,,,1709.2,1974.1,0.689,1.784,0.1337,0.2348,0.6315,0-1 14.5%; 0-2 13.4%; 1-1 10.9%; 1-2 9.2%; 0-0 9.0%,"{'1x2': {'home': 0.13369694993506775, 'draw': 0.23477190319275124, 'away': 0.6315311468721808}, 'double_chance': {'1X': 0.36846885312781896, '12': 0.7652280968072486, 'X2': 0.866303050064932}, 'draw_no_bet': {'home': 0.1747151607382032, 'away': 0.8252848392617967}, 'over_under': {'1.5': {'over': 0.7120392513976191, 'under': 0.28796074860238063}, '2.5': {'over': 0.4490220248312003, 'under': 0.5509779751687996}, '3.5': {'over': 0.23648555621636647, 'under': 0.7635144437836334}}, 'btts': {'yes': 0.41915583704954723, 'no': 0.5808441629504528}, 'ah': {'-1.5': {'p_home': 0.03690245271243109, 'p_away': 0.9630975472875687, 'p_push': 0.0}, '-0.5': {'p_home': 0.1336969499350678, 'p_away': 0.866303050064932, 'p_push': 0.0}, '+0.5': {'p_home': 0.36846885312781896, 'p_away': 0.6315311468721808, 'p_push': 0.0}, '+1.5': {'p_home': 0.6273326546253218, 'p_away': 0.372667345374678, 'p_push': 0.0}}, 'team_totals': {'home_over_1_5': 0.1518227827129698, 'away_over_1_5': 0.5322751525173715, 'home_clean_sheet': 0.16802658911704144, 'away_clean_sheet': 0.5023213064784718}, 'correct_score': [{'score': '0-1', 'p': 0.1454444238148572}, {'score': '0-2', 'p': 0.1342585742063172}, {'score': '1-1', 'p': 0.10875281099143569}, {'score': '1-2', 'p': 0.092439084042664}, {'score': '0-0', 'p': 0.08950373264506069}, {'score': '0-3', 'p': 0.07982280477496818}, {'score': '1-3', 'p': 0.05495922329530634}, {'score': '1-0', 'p': 0.05301259214246273}], 'grid': [[0.0895, 0.1454, 0.1343, 0.0798, 0.0356, 0.0127], [0.053, 0.1088, 0.0924, 0.055, 0.0245, 0.0087], [0.02, 0.0357, 0.0318, 0.0189, 0.0084, 0.003], [0.0046, 0.0082, 0.0073, 0.0043, 0.0019, 0.0007], [0.0008, 0.0014, 0.0013, 0.0007, 0.0003, 0.0001], [0.0001, 0.0002, 0.0002, 0.0001, 0.0, 0.0]]}","{'venue': 'Guadalupe', 'stadium': 'Estadio BBVA', 'altitude_m': 500, 'temp_c': 35, 'humid': False, 'roof': False, 'alt_home': -0.0, 'alt_away': -0.0, 'heat_home': -3.5, 'heat_away': -7.7, 'heat_severity': 0.64, 'd_home': -3.5, 'd_away': -7.7, 'lean': 'home'}"
37,2026-06-21,2026-06-21T22:00:00Z,group,H,Uruguay,Cape Verde,scheduled,United States,Miami Gardens,,,1953.0,1699.7,1.747,0.703,0.6194,0.24,0.1406,1-0 14.6%; 2-0 13.2%; 1-1 11.1%; 2-1 9.3%; 0-0 9.1%,"{'1x2': {'home': 0.6193777182720825, 'draw': 0.2400011277690501, 'away': 0.14062115395886743}, 'double_chance': {'1X': 0.8593788460411327, '12': 0.75999887223095, 'X2': 0.38062228172791757}, 'draw_no_bet': {'home': 0.8149718912791555, 'away': 0.18502810872084452}, 'over_under': {'1.5': {'over': 0.7075261137961149, 'under': 0.2924738862038853}, '2.5': {'over': 0.44332865494850815, 'under': 0.556671345051492}, '3.5': {'over': 0.2318150079289365, 'under': 0.7681849920710636}}, 'btts': {'yes': 0.4220733023168216, 'no': 0.5779266976831784}, 'ah': {'-1.5': {'p_home': 0.3602482687600032, 'p_away': 0.6397517312399968, 'p_push': 0.0}, '-0.5': {'p_home': 0.6193777182720824, 'p_away': 0.38062228172791757, 'p_push': 0.0}, '+0.5': {'p_home': 0.8593788460411326, 'p_away': 0.14062115395886743, 'p_push': 0.0}, '+1.5': {'p_home': 0.960496657609494, 'p_away': 0.039503342390505895, 'p_push': 0.0}}, 'team_totals': {'home_over_1_5': 0.5212929615486414, 'away_over_1_5': 0.1567932250722762, 'home_clean_sheet': 0.4951763879828528, 'away_clean_sheet': 0.17424761615917364}, 'correct_score': [{'score': '1-0', 'p': 0.14554711574346457}, {'score': '2-0', 'p': 0.13171096283317885}, {'score': '1-1', 'p': 0.11117513182388682}, {'score': '2-1', 'p': 0.09257189654467153}, {'score': '0-0', 'p': 0.09149730645884785}, {'score': '3-0', 'p': 0.07671198902200098}, {'score': '0-1', 'p': 0.05542946400157288}, {'score': '3-1', 'p': 0.05391634954848095}], 'grid': [[0.0915, 0.0554, 0.0213, 0.005, 0.0009, 0.0001], [0.1455, 0.1112, 0.0372, 0.0087, 0.0015, 0.0002], [0.1317, 0.0926, 0.0325, 0.0076, 0.0013, 0.0002], [0.0767, 0.0539, 0.0189, 0.0044, 0.0008, 0.0001], [0.0335, 0.0236, 0.0083, 0.0019, 0.0003, 0.0], [0.0117, 0.0082, 0.0029, 0.0007, 0.0001, 0.0]]}","{'venue': 'Miami Gardens', 'stadium': 'Hard Rock', 'altitude_m': 2, 'temp_c': 32, 'humid': True, 'roof': False, 'alt_home': -0.0, 'alt_away': -0.0, 'heat_home': -7.3, 'heat_away': -3.3, 'heat_severity': 0.6, 'd_home': -7.3, 'd_away': -3.3, 'lean': 'even'}"
38,2026-06-21,2026-06-21T16:00:00Z,group,H,Spain,Saudi Arabia,scheduled,United States,Atlanta,,,2157.3,1714.5,2.488,0.494,0.8073,0.1411,0.0515,2-0 15.7%; 3-0 13.0%; 1-0 12.3%; 4-0 8.1%; 2-1 7.7%,"{'1x2': {'home': 0.8073422064097449, 'draw': 0.14112232704619945, 'away': 0.05153546654405554}, 'double_chance': {'1X': 0.9484645334559443, '12': 0.8588776729538004, 'X2': 0.19265779359025498}, 'draw_no_bet': {'home': 0.9399967327514548, 'away': 0.06000326724854527}, 'over_under': {'1.5': {'over': 0.8010792339611756, 'under': 0.1989207660388242}, '2.5': {'over': 0.5725583516032664, 'under': 0.42744164839673343}, '3.5': {'over': 0.34851658984949696, 'under': 0.6514834101505029}}, 'btts': {'yes': 0.36031024459150607, 'no': 0.6396897554084939}, 'ah': {'-1.5': {'p_home': 0.5891230917616529, 'p_away': 0.41087690823834677, 'p_push': 0.0}, '-0.5': {'p_home': 0.8073422064097446, 'p_away': 0.192657793590255, 'p_push': 0.0}, '+0.5': {'p_home': 0.9484645334559443, 'p_away': 0.05153546654405554, 'p_push': 0.0}, '+1.5': {'p_home': 0.9893168838665588, 'p_away': 0.010683116133440996, 'p_push': 0.0}}, 'team_totals': {'home_over_1_5': 0.7101111226061794, 'away_over_1_5': 0.08829715475815875, 'home_clean_sheet': 0.6103686053668823, 'away_clean_sheet': 0.08312220058649555}, 'correct_score': [{'score': '2-0', 'p': 0.15696623988975048}, {'score': '3-0', 'p': 0.13015130159349964}, {'score': '1-0', 'p': 0.12313801926135316}, {'score': '4-0', 'p': 0.08093792008259186}, {'score': '2-1', 'p': 0.07749301351234733}, {'score': '1-1', 'p': 0.0653717482850851}, {'score': '3-1', 'p': 0.06425468674103875}, {'score': '0-0', 'p': 0.05380105054488414}], 'grid': [[0.0538, 0.022, 0.0062, 0.001, 0.0001, 0.0], [0.1231, 0.0654, 0.0154, 0.0025, 0.0003, 0.0], [0.157, 0.0775, 0.0191, 0.0031, 0.0004, 0.0], [0.1302, 0.0643, 0.0159, 0.0026, 0.0003, 0.0], [0.0809, 0.04, 0.0099, 0.0016, 0.0002, 0.0], [0.0403, 0.0199, 0.0049, 0.0008, 0.0001, 0.0]]}","{'venue': 'Atlanta', 'stadium': 'Mercedes-Benz', 'altitude_m': 320, 'temp_c': 31, 'humid': True, 'roof': True, 'alt_home': -0.0, 'alt_away': -0.0, 'heat_home': -1.1, 'heat_away': -1.1, 'heat_severity': 0.2, 'd_home': -1.1, 'd_away': -1.1, 'lean': 'even'}"
39,2026-06-21,2026-06-21T19:00:00Z,group,G,Belgium,Iran,scheduled,United States,Inglewood,,,1952.5,1839.3,1.363,0.901,0.469,0.2891,0.2419,1-0 13.5%; 1-1 13.4%; 0-0 11.0%; 2-0 9.6%; 0-1 8.7%,"{'1x2': {'home': 0.4689936723809825, 'draw': 0.2891466468954363, 'away': 0.24185968072358102}, 'double_chance': {'1X': 0.7581403192764188, '12': 0.7108533531045635, 'X2': 0.5310063276190173}, 'draw_no_bet': {'home': 0.6597614969848717, 'away': 0.3402385030151282}, 'over_under': {'1.5': {'over': 0.6670010665518833, 'under': 0.33299893344811665}, '2.5': {'over': 0.3943471851147901, 'under': 0.6056528148852097}, '3.5': {'over': 0.19334014870543414, 'under': 0.8066598512945657}}, 'btts': {'yes': 0.4481836833625723, 'no': 0.5518163166374277}, 'ah': {'-1.5': {'p_home': 0.2269349054540302, 'p_away': 0.7730650945459696, 'p_push': 0.0}, '-0.5': {'p_home': 0.4689936723809825, 'p_away': 0.5310063276190174, 'p_push': 0.0}, '+0.5': {'p_home': 0.7581403192764189, 'p_away': 0.241859680723581, 'p_push': 0.0}, '+1.5': {'p_home': 0.9161421812806708, 'p_away': 0.08385781871932901, 'p_push': 0.0}}, 'team_totals': {'home_over_1_5': 0.3951528945923896, 'away_over_1_5': 0.2280038724077155, 'home_clean_sheet': 0.40602980555930207, 'away_clean_sheet': 0.25601990709782413}, 'correct_score': [{'score': '1-0', 'p': 0.13535255658206005}, {'score': '1-1', 'p': 0.13394068971196074}, {'score': '0-0', 'p': 0.11023339601969867}, {'score': '2-0', 'p': 0.09648834637665864}, {'score': '0-1', 'p': 0.08741298084635794}, {'score': '2-1', 'p': 0.08696771704695168}, {'score': '1-2', 'p': 0.05753136413858678}, {'score': '3-0', 'p': 0.04382180005407881}], 'grid': [[0.1102, 0.0874, 0.0422, 0.0127, 0.0029, 0.0005], [0.1354, 0.1339, 0.0575, 0.0173, 0.0039, 0.0007], [0.0965, 0.087, 0.0392, 0.0118, 0.0027, 0.0005], [0.0438, 0.0395, 0.0178, 0.0053, 0.0012, 0.0002], [0.0149, 0.0135, 0.0061, 0.0018, 0.0004, 0.0001], [0.0041, 0.0037, 0.0017, 0.0005, 0.0001, 0.0]]}","{'venue': 'Inglewood', 'stadium': 'SoFi Stadium', 'altitude_m': 30, 'temp_c': 24, 'humid': False, 'roof': True, 'alt_home': -0.0, 'alt_away': -0.0, 'heat_home': -0.0, 'heat_away': -0.0, 'heat_severity': 0.0, 'd_home': -0.0, 'd_away': -0.0, 'lean': 'even'}"
40,2026-06-21,2026-06-22T01:00:00Z,group,G,New Zealand,Egypt,scheduled,Canada,Vancouver,,,1738.2,1826.2,0.944,1.301,0.2639,0.2946,0.4414,1-1 13.6%; 0-1 13.1%; 0-0 11.2%; 1-0 9.4%; 0-2 9.0%,"{'1x2': {'home': 0.263934608284154, 'draw': 0.29462964729862323, 'away': 0.44143574441722294}, 'double_chance': {'1X': 0.5585642555827772, '12': 0.7053703527013769, 'X2': 0.7360653917158462}, 'draw_no_bet': {'home': 0.37417876619474594, 'away': 0.6258212338052541}, 'over_under': {'1.5': {'over': 0.6626762941492776, 'under': 0.33732370585072236}, '2.5': {'over': 0.38933800480769204, 'under': 0.610661995192308}, '3.5': {'over': 0.18957588833598235, 'under': 0.8104241116640176}}, 'btts': {'yes': 0.4509669567385918, 'no': 0.5490330432614082}, 'ah': {'-1.5': {'p_home': 0.0950763021742106, 'p_away': 0.9049236978257896, 'p_push': 0.0}, '-0.5': {'p_home': 0.263934608284154, 'p_away': 0.736065391715846, 'p_push': 0.0}, '+0.5': {'p_home': 0.5585642555827773, 'p_away': 0.4414357444172229, 'p_push': 0.0}, '+1.5': {'p_home': 0.793863931357219, 'p_away': 0.20613606864278108, 'p_push': 0.0}}, 'team_totals': {'home_over_1_5': 0.24352279479145092, 'away_over_1_5': 0.3736701263638026, 'home_clean_sheet': 0.27215254377109654, 'away_clean_sheet': 0.3892042180550243}, 'correct_score': [{'score': '1-1', 'p': 0.13648056649621199}, {'score': '0-1', 'p': 0.13144651014836595}, {'score': '0-0', 'p': 0.11232371856471243}, {'score': '1-0', 'p': 0.09355347713764398}, {'score': '0-2', 'p': 0.0896967409608483}, {'score': '1-2', 'p': 0.0846424279655913}, {'score': '2-1', 'p': 0.06137495687612072}, {'score': '2-0', 'p': 0.04716098188452541}], 'grid': [[0.1123, 0.1314, 0.0897, 0.0389, 0.0127, 0.0033], [0.0936, 0.1365, 0.0846, 0.0367, 0.0119, 0.0031], [0.0472, 0.0614, 0.0399, 0.0173, 0.0056, 0.0015], [0.0148, 0.0193, 0.0126, 0.0054, 0.0018, 0.0005], [0.0035, 0.0046, 0.003, 0.0013, 0.0004, 0.0001], [0.0007, 0.0009, 0.0006, 0.0002, 0.0001, 0.0]]}","{'venue': 'Vancouver', 'stadium': 'BC Place', 'altitude_m': 3, 'temp_c': 22, 'humid': False, 'roof': True, 'alt_home': -0.0, 'alt_away': -0.0, 'heat_home': -0.0, 'heat_away': -0.0, 'heat_severity': 0.0, 'd_home': -0.0, 'd_away': -0.0, 'lean': 'even'}"
41,2026-06-22,2026-06-23T00:00:00Z,group,I,Norway,Senegal,scheduled,United States,East Rutherford,,,1975.1,1924.6,1.201,1.023,0.3939,0.3011,0.305,1-1 13.9%; 1-0 12.3%; 0-0 11.5%; 0-1 10.4%; 2-1 8.0%,"{'1x2': {'home': 0.3939491877713457, 'draw': 0.301053586724199, 'away': 0.3049972255044553}, 'double_chance': {'1X': 0.6950027744955447, '12': 0.698946413275801, 'X2': 0.6060508122286543}, 'draw_no_bet': {'home': 0.5636328912899009, 'away': 0.4363671087100991}, 'over_under': {'1.5': {'over': 0.6576559650695287, 'under': 0.34234403493047133}, '2.5': {'over': 0.38357381152793657, 'under': 0.6164261884720634}, '3.5': {'over': 0.1852830200873778, 'under': 0.8147169799126222}}, 'btts': {'yes': 0.45419846786664436, 'no': 0.5458015321333556}, 'ah': {'-1.5': {'p_home': 0.172644243676251, 'p_away': 0.827355756323749, 'p_push': 0.0}, '-0.5': {'p_home': 0.3939491877713457, 'p_away': 0.6060508122286544, 'p_push': 0.0}, '+0.5': {'p_home': 0.6950027744955447, 'p_away': 0.3049972255044553, 'p_push': 0.0}, '+1.5': {'p_home': 0.8825745723241524, 'p_away': 0.11742542767584768, 'p_push': 0.0}}, 'team_totals': {'home_over_1_5': 0.33759477509343855, 'away_over_1_5': 0.27265014078537164, 'home_clean_sheet': 0.3595650848376091, 'away_clean_sheet': 0.3010092091618745}, 'correct_score': [{'score': '1-1', 'p': 0.13945631214835036}, {'score': '1-0', 'p': 0.12340502902427519}, {'score': '0-0', 'p': 0.11477276186612805}, {'score': '0-1', 'p': 0.10416624404006807}, {'score': '2-1', 'p': 0.07979040849900428}, {'score': '2-0', 'p': 0.07800715799007422}, {'score': '1-2', 'p': 0.06797721124741667}, {'score': '0-2', 'p': 0.05661868340316755}], 'grid': [[0.1148, 0.1042, 0.0566, 0.0193, 0.0049, 0.001], [0.1234, 0.1395, 0.068, 0.0232, 0.0059, 0.0012], [0.078, 0.0798, 0.0408, 0.0139, 0.0036, 0.0007], [0.0312, 0.0319, 0.0163, 0.0056, 0.0014, 0.0003], [0.0094, 0.0096, 0.0049, 0.0017, 0.0004, 0.0001], [0.0023, 0.0023, 0.0012, 0.0004, 0.0001, 0.0]]}","{'venue': 'East Rutherford', 'stadium': 'MetLife (Final)', 'altitude_m': 5, 'temp_c': 29, 'humid': True, 'roof': False, 'alt_home': -0.0, 'alt_away': -0.0, 'heat_home': -6.6, 'heat_away': -0.0, 'heat_severity': 0.3, 'd_home': -6.6, 'd_away': -0.0, 'lean': 'away'}"
42,2026-06-22,2026-06-22T21:00:00Z,group,I,France,Iraq,scheduled,United States,Philadelphia,,,2112.2,1719.6,2.259,0.544,0.7614,0.1687,0.0699,2-0 15.5%; 1-0 13.3%; 3-0 11.7%; 2-1 8.4%; 1-1 7.8%,"{'1x2': {'home': 0.7613931681548793, 'draw': 0.1687110172310215, 'away': 0.06989581461409906}, 'double_chance': {'1X': 0.9301041853859009, '12': 0.8312889827689784, 'X2': 0.23860683184512055}, 'draw_no_bet': {'home': 0.915918752608413, 'away': 0.08408124739158686}, 'over_under': {'1.5': {'over': 0.7730236292718863, 'under': 0.2269763707281136}, '2.5': {'over': 0.531154232110902, 'under': 0.46884576788909804}, '3.5': {'over': 0.3086238535876618, 'under': 0.691376146412338}}, 'btts': {'yes': 0.37922615490901745, 'no': 0.6207738450909825}, 'ah': {'-1.5': {'p_home': 0.5248186454397953, 'p_away': 0.4751813545602046, 'p_push': 0.0}, '-0.5': {'p_home': 0.7613931681548795, 'p_away': 0.23860683184512058, 'p_push': 0.0}, '+0.5': {'p_home': 0.930104185385901, 'p_away': 0.06989581461409904, 'p_push': 0.0}, '+1.5': {'p_home': 0.9842548458928733, 'p_away': 0.015745154107126656, 'p_push': 0.0}}, 'team_totals': {'home_over_1_5': 0.6595637704207398, 'away_over_1_5': 0.10371478248768813, 'home_clean_sheet': 0.5806311398268524, 'away_clean_sheet': 0.10446158488800053}, 'correct_score': [{'score': '2-0', 'p': 0.1547548964967732}, {'score': '1-0', 'p': 0.13334899639509123}, {'score': '3-0', 'p': 0.1165284244736541}, {'score': '2-1', 'p': 0.08413088925193492}, {'score': '1-1', 'p': 0.07815158934940489}, {'score': '4-0', 'p': 0.06580829113181841}, {'score': '0-0', 'p': 0.06431887962387063}, {'score': '3-1', 'p': 0.06334946548395559}], 'grid': [[0.0643, 0.0293, 0.009, 0.0016, 0.0002, 0.0], [0.1333, 0.0782, 0.0202, 0.0037, 0.0005, 0.0001], [0.1548, 0.0841, 0.0229, 0.0041, 0.0006, 0.0001], [0.1165, 0.0633, 0.0172, 0.0031, 0.0004, 0.0], [0.0658, 0.0358, 0.0097, 0.0018, 0.0002, 0.0], [0.0297, 0.0162, 0.0044, 0.0008, 0.0001, 0.0]]}","{'venue': 'Philadelphia', 'stadium': 'Lincoln Financial', 'altitude_m': 12, 'temp_c': 30, 'humid': True, 'roof': False, 'alt_home': -0.0, 'alt_away': -0.0, 'heat_home': -4.8, 'heat_away': -2.2, 'heat_severity': 0.4, 'd_home': -4.8, 'd_away': -2.2, 'lean': 'even'}"
43,2026-06-22,2026-06-22T17:00:00Z,group,J,Argentina,Austria,scheduled,United States,Arlington,,,2146.0,1894.9,1.761,0.697,0.6239,0.2381,0.138,1-0 14.6%; 2-0 13.3%; 1-1 11.0%; 2-1 9.3%; 0-0 9.1%,"{'1x2': {'home': 0.623941195671657, 'draw': 0.2380578271730752, 'away': 0.13800097715526785}, 'double_chance': {'1X': 0.8619990228447322, '12': 0.7619421728269248, 'X2': 0.37605880432834304}, 'draw_no_bet': {'home': 0.8188826106799384, 'away': 0.18111738932006166}, 'over_under': {'1.5': {'over': 0.7091984696787313, 'under': 0.29080153032126865}, '2.5': {'over': 0.4454325602499735, 'under': 0.5545674397500264}, '3.5': {'over': 0.2335360769653193, 'under': 0.7664639230346807}}, 'btts': {'yes': 0.420992586812422, 'no': 0.579007413187578}, 'ah': {'-1.5': {'p_home': 0.36487937367013845, 'p_away': 0.6351206263298617, 'p_push': 0.0}, '-0.5': {'p_home': 0.6239411956716571, 'p_away': 0.376058804328343, 'p_push': 0.0}, '+0.5': {'p_home': 0.8619990228447321, 'p_away': 0.13800097715526782, 'p_push': 0.0}, '+1.5': {'p_home': 0.9614875668920099, 'p_away': 0.038512433107990234, 'p_push': 0.0}}, 'team_totals': {'home_over_1_5': 0.5254006730838554, 'away_over_1_5': 0.1549156329439902, 'home_clean_sheet': 0.4978581328308654, 'away_clean_sheet': 0.17190572875449872}, 'correct_score': [{'score': '1-0', 'p': 0.145526686343471}, {'score': '2-0', 'p': 0.13267580531305956}, {'score': '1-1', 'p': 0.11027494147086961}, {'score': '2-1', 'p': 0.0925334291310908}, {'score': '0-0', 'p': 0.0907564483977862}, {'score': '3-0', 'p': 0.07787236487148005}, {'score': '0-1', 'p': 0.054518395580011474}, {'score': '3-1', 'p': 0.05431131123796738}], 'grid': [[0.0908, 0.0545, 0.0208, 0.0048, 0.0008, 0.0001], [0.1455, 0.1103, 0.0367, 0.0085, 0.0015, 0.0002], [0.1327, 0.0925, 0.0323, 0.0075, 0.0013, 0.0002], [0.0779, 0.0543, 0.0189, 0.0044, 0.0008, 0.0001], [0.0343, 0.0239, 0.0083, 0.0019, 0.0003, 0.0], [0.0121, 0.0084, 0.0029, 0.0007, 0.0001, 0.0]]}","{'venue': 'Arlington', 'stadium': 'AT&T Stadium', 'altitude_m': 180, 'temp_c': 35, 'humid': False, 'roof': True, 'alt_home': -0.0, 'alt_away': -0.0, 'heat_home': -3.1, 'heat_away': -5.6, 'heat_severity': 0.26, 'd_home': -3.1, 'd_away': -5.6, 'lean': 'even'}"
44,2026-06-22,2026-06-23T03:00:00Z,group,J,Jordan,Algeria,scheduled,United States,Santa Clara,,,1746.1,1888.3,0.855,1.437,0.2176,0.2813,0.5011,0-1 13.9%; 1-1 13.0%; 0-0 10.7%; 0-2 10.4%; 1-2 8.9%,"{'1x2': {'home': 0.21760385015368827, 'draw': 0.28125873329802836, 'away': 0.5011374165482833}, 'double_chance': {'1X': 0.49886258345171663, '12': 0.7187412667019715, 'X2': 0.7823961498463117}, 'draw_no_bet': {'home': 0.30275686152290804, 'away': 0.6972431384770921}, 'over_under': {'1.5': {'over': 0.6732884914452888, 'under': 0.32671150855471115}, '2.5': {'over': 0.4017024959113639, 'under': 0.598297504088636}, '3.5': {'over': 0.19892437485588535, 'under': 0.8010756251441146}}, 'btts': {'yes': 0.4441375825412196, 'no': 0.5558624174587804}, 'ah': {'-1.5': {'p_home': 0.07216783542863939, 'p_away': 0.9278321645713606, 'p_push': 0.0}, '-0.5': {'p_home': 0.2176038501536882, 'p_away': 0.7823961498463117, 'p_push': 0.0}, '+0.5': {'p_home': 0.49886258345171675, 'p_away': 0.5011374165482833, 'p_push': 0.0}, '+1.5': {'p_home': 0.747477403632954, 'p_away': 0.2525225963670461, 'p_push': 0.0}}, 'team_totals': {'home_over_1_5': 0.21101422147495544, 'away_over_1_5': 0.42077751982326295, 'home_clean_sheet': 0.2377054931445272, 'away_clean_sheet': 0.4253831559324684}, 'correct_score': [{'score': '0-1', 'p': 0.13916525498639673}, {'score': '1-1', 'p': 0.1302867909067388}, {'score': '0-0', 'p': 0.1072262316182153}, {'score': '0-2', 'p': 0.10436039062364526}, {'score': '1-2', 'p': 0.08920360666929453}, {'score': '1-0', 'p': 0.08032002195009912}, {'score': '2-1', 'p': 0.053070849546427136}, {'score': '0-3', 'p': 0.04997899669854891}], 'grid': [[0.1072, 0.1392, 0.1044, 0.05, 0.018, 0.0052], [0.0803, 0.1303, 0.0892, 0.0427, 0.0153, 0.0044], [0.0369, 0.0531, 0.0381, 0.0183, 0.0066, 0.0019], [0.0105, 0.0151, 0.0109, 0.0052, 0.0019, 0.0005], [0.0022, 0.0032, 0.0023, 0.0011, 0.0004, 0.0001], [0.0004, 0.0006, 0.0004, 0.0002, 0.0001, 0.0]]}","{'venue': 'Santa Clara', 'stadium': ""Levi's"", 'altitude_m': 5, 'temp_c': 27, 'humid': False, 'roof': False, 'alt_home': -0.0, 'alt_away': -0.0, 'heat_home': -0.4, 'heat_away': -0.4, 'heat_severity': 0.07, 'd_home': -0.4, 'd_away': -0.4, 'lean': 'even'}"
45,2026-06-23,2026-06-23T20:00:00Z,group,L,England,Ghana,scheduled,United States,Foxborough,,,2082.9,1691.3,2.256,0.544,0.7608,0.169,0.0701,2-0 15.5%; 1-0 13.3%; 3-0 11.6%; 2-1 8.4%; 1-1 7.8%,"{'1x2': {'home': 0.7608247034692879, 'draw': 0.16903891759027018, 'away': 0.07013637894044188}, 'double_chance': {'1X': 0.9298636210595581, '12': 0.8309610824097298, 'X2': 0.23917529653071207}, 'draw_no_bet': {'home': 0.9155960725175586, 'away': 0.08440392748244144}, 'over_under': {'1.5': {'over': 0.7727005006152595, 'under': 0.22729949938474053}, '2.5': {'over': 0.5306916468679778, 'under': 0.4693083531320222}, '3.5': {'over': 0.30819192041866006, 'under': 0.6918080795813399}}, 'btts': {'yes': 0.37944138030071684, 'no': 0.6205586196992832}, 'ah': {'-1.5': {'p_home': 0.5240629874396734, 'p_away': 0.4759370125603268, 'p_push': 0.0}, '-0.5': {'p_home': 0.760824703469288, 'p_away': 0.23917529653071204, 'p_push': 0.0}, '+0.5': {'p_home': 0.9298636210595581, 'p_away': 0.07013637894044189, 'p_push': 0.0}, '+1.5': {'p_home': 0.9841852057672552, 'p_away': 0.015814794232744806, 'p_push': 0.0}}, 'team_totals': {'home_over_1_5': 0.6589597307069576, 'away_over_1_5': 0.10390939508649825, 'home_clean_sheet': 0.5802733617165959, 'away_clean_sheet': 0.10472914535105064}, 'correct_score': [{'score': '2-0', 'p': 0.15470466529912438}, {'score': '1-0', 'p': 0.1334526961750435}, {'score': '3-0', 'p': 0.11635867364766637}, {'score': '2-1', 'p': 0.08419893816930335}, {'score': '1-1', 'p': 0.07830348182592546}, {'score': '4-0', 'p': 0.06563800568101269}, {'score': '0-0', 'p': 0.06444388736836347}, {'score': '3-1', 'p': 0.06332890316512943}], 'grid': [[0.0644, 0.0294, 0.009, 0.0016, 0.0002, 0.0], [0.1335, 0.0783, 0.0203, 0.0037, 0.0005, 0.0001], [0.1547, 0.0842, 0.0229, 0.0042, 0.0006, 0.0001], [0.1164, 0.0633, 0.0172, 0.0031, 0.0004, 0.0], [0.0656, 0.0357, 0.0097, 0.0018, 0.0002, 0.0], [0.0296, 0.0161, 0.0044, 0.0008, 0.0001, 0.0]]}","{'venue': 'Foxborough', 'stadium': 'Gillette', 'altitude_m': 30, 'temp_c': 27, 'humid': True, 'roof': False, 'alt_home': -0.0, 'alt_away': -0.0, 'heat_home': -2.2, 'heat_away': -0.0, 'heat_severity': 0.1, 'd_home': -2.2, 'd_away': -0.0, 'lean': 'even'}"
46,2026-06-23,2026-06-23T23:00:00Z,group,L,Panama,Croatia,scheduled,Canada,Toronto,,,1819.9,1962.7,0.854,1.438,0.2171,0.2811,0.5019,0-1 13.9%; 1-1 13.0%; 0-0 10.7%; 0-2 10.5%; 1-2 8.9%,"{'1x2': {'home': 0.21707156541324926, 'draw': 0.2810620403831531, 'away': 0.5018663942035977}, 'double_chance': {'1X': 0.4981336057964023, '12': 0.7189379596168469, 'X2': 0.7829284345867508}, 'draw_no_bet': {'home': 0.301933654371145, 'away': 0.6980663456288551}, 'over_under': {'1.5': {'over': 0.6734462817141709, 'under': 0.32655371828582913}, '2.5': {'over': 0.40188820651917534, 'under': 0.5981117934808247}, '3.5': {'over': 0.19906624627199432, 'under': 0.8009337537280057}}, 'btts': {'yes': 0.44403603871699876, 'no': 0.5559639612830012}, 'ah': {'-1.5': {'p_home': 0.07191876933254254, 'p_away': 0.9280812306674573, 'p_push': 0.0}, '-0.5': {'p_home': 0.21707156541324926, 'p_away': 0.7829284345867508, 'p_push': 0.0}, '+0.5': {'p_home': 0.4981336057964023, 'p_away': 0.5018663942035977, 'p_push': 0.0}, '+1.5': {'p_home': 0.7468800185958064, 'p_away': 0.2531199814041935, 'p_push': 0.0}}, 'team_totals': {'home_over_1_5': 0.2106417469820107, 'away_over_1_5': 0.4213661618519606, 'home_clean_sheet': 0.23729602653130433, 'away_clean_sheet': 0.42581917975598277}, 'correct_score': [{'score': '0-1', 'p': 0.13924214133496834}, {'score': '1-1', 'p': 0.1301956773318012}, {'score': '0-0', 'p': 0.10715124500428592}, {'score': '0-2', 'p': 0.10453784832684578}, {'score': '1-2', 'p': 0.0892481933841585}, {'score': '1-0', 'p': 0.08016033194657488}, {'score': '2-1', 'p': 0.05297017120870784}, {'score': '0-3', 'p': 0.05012405938776562}], 'grid': [[0.1072, 0.1392, 0.1045, 0.0501, 0.018, 0.0052], [0.0802, 0.1302, 0.0892, 0.0428, 0.0154, 0.0044], [0.0368, 0.053, 0.0381, 0.0183, 0.0066, 0.0019], [0.0105, 0.0151, 0.0108, 0.0052, 0.0019, 0.0005], [0.0022, 0.0032, 0.0023, 0.0011, 0.0004, 0.0001], [0.0004, 0.0005, 0.0004, 0.0002, 0.0001, 0.0]]}","{'venue': 'Toronto', 'stadium': 'BMO Field', 'altitude_m': 76, 'temp_c': 26, 'humid': True, 'roof': False, 'alt_home': -0.0, 'alt_away': -0.0, 'heat_home': -0.0, 'heat_away': -0.0, 'heat_severity': 0.0, 'd_home': -0.0, 'd_away': -0.0, 'lean': 'even'}"
47,2026-06-23,2026-06-23T17:00:00Z,group,K,Portugal,Uzbekistan,scheduled,United States,Houston,,,2043.7,1812.8,1.683,0.73,0.5969,0.2492,0.1539,1-0 14.5%; 2-0 12.7%; 1-1 11.5%; 0-0 9.5%; 2-1 9.3%,"{'1x2': {'home': 0.5969015410055512, 'draw': 0.2492115779705128, 'away': 0.1538868810239358}, 'double_chance': {'1X': 0.846113118976064, '12': 0.7507884220294869, 'X2': 0.4030984589944486}, 'draw_no_bet': {'home': 0.7950329593416506, 'away': 0.20496704065834936}, 'over_under': {'1.5': {'over': 0.6996760043161228, 'under': 0.300323995683877}, '2.5': {'over': 0.4335428732832057, 'under': 0.566457126716794}, '3.5': {'over': 0.22388460375467414, 'under': 0.7761153962453256}}, 'btts': {'yes': 0.4271412187970647, 'no': 0.5728587812029353}, 'ah': {'-1.5': {'p_home': 0.33798757089020126, 'p_away': 0.6620124291097986, 'p_push': 0.0}, '-0.5': {'p_home': 0.596901541005551, 'p_away': 0.40309845899444857, 'p_push': 0.0}, '+0.5': {'p_home': 0.8461131189760639, 'p_away': 0.15388688102393583, 'p_push': 0.0}, '+1.5': {'p_home': 0.9553554363369778, 'p_away': 0.04464456366302183, 'p_push': 0.0}}, 'team_totals': {'home_over_1_5': 0.5013323684187517, 'away_over_1_5': 0.16624694413947436, 'home_clean_sheet': 0.4819781788259643, 'away_clean_sheet': 0.185889273105399}, 'correct_score': [{'score': '1-0', 'p': 0.14533824618055882}, {'score': '2-0', 'p': 0.12682837954586346}, {'score': '1-1', 'p': 0.11544166600571916}, {'score': '0-0', 'p': 0.095008670728428}, {'score': '2-1', 'p': 0.09256650939657718}, {'score': '3-0', 'p': 0.07113405326337244}, {'score': '0-1', 'p': 0.05997707877489023}, {'score': '3-1', 'p': 0.05191764677115868}], 'grid': [[0.095, 0.06, 0.0239, 0.0058, 0.0011, 0.0002], [0.1453, 0.1154, 0.0402, 0.0098, 0.0018, 0.0003], [0.1268, 0.0926, 0.0338, 0.0082, 0.0015, 0.0002], [0.0711, 0.0519, 0.0189, 0.0046, 0.0008, 0.0001], [0.0299, 0.0218, 0.008, 0.0019, 0.0004, 0.0001], [0.0101, 0.0073, 0.0027, 0.0007, 0.0001, 0.0]]}","{'venue': 'Houston', 'stadium': 'NRG Stadium', 'altitude_m': 15, 'temp_c': 34, 'humid': True, 'roof': True, 'alt_home': -0.0, 'alt_away': -0.0, 'heat_home': -3.9, 'heat_away': -1.8, 'heat_severity': 0.32, 'd_home': -3.9, 'd_away': -1.8, 'lean': 'even'}"
48,2026-06-23,2026-06-24T02:00:00Z,group,K,Colombia,DR Congo,scheduled,Mexico,Zapopan,,,2028.0,1784.3,1.765,0.696,0.6252,0.2375,0.1373,1-0 14.6%; 2-0 13.3%; 1-1 11.0%; 2-1 9.3%; 0-0 9.1%,"{'1x2': {'home': 0.6252185701122901, 'draw': 0.23750950550371422, 'away': 0.13727192438399555}, 'double_chance': {'1X': 0.8627280756160043, '12': 0.7624904944962856, 'X2': 0.3747814298877098}, 'draw_no_bet': {'home': 0.8199690024009024, 'away': 0.18003099759909763}, 'over_under': {'1.5': {'over': 0.7096713710763516, 'under': 0.29032862892364825}, '2.5': {'over': 0.44602872670020677, 'under': 0.553971273299793}, '3.5': {'over': 0.23402479885969713, 'under': 0.7659752011403027}}, 'btts': {'yes': 0.4206869118100411, 'no': 0.5793130881899589}, 'ah': {'-1.5': {'p_home': 0.3661825618506867, 'p_away': 0.633817438149313, 'p_push': 0.0}, '-0.5': {'p_home': 0.6252185701122902, 'p_away': 0.3747814298877098, 'p_push': 0.0}, '+0.5': {'p_home': 0.8627280756160043, 'p_away': 0.13727192438399557, 'p_push': 0.0}, '+1.5': {'p_home': 0.9617618324331993, 'p_away': 0.0382381675668006, 'p_push': 0.0}}, 'team_totals': {'home_over_1_5': 0.5265538929261329, 'away_over_1_5': 0.15439251328670817, 'home_clean_sheet': 0.49860900102980454, 'away_clean_sheet': 0.171251495057648}, 'correct_score': [{'score': '1-0', 'p': 0.1455170825920568}, {'score': '2-0', 'p': 0.132944134361687}, {'score': '1-1', 'p': 0.11002094377327645}, {'score': '2-1', 'p': 0.09252021766299781}, {'score': '0-0', 'p': 0.09054740789749396}, {'score': '3-0', 'p': 0.07819883283303708}, {'score': '3-1', 'p': 0.05442115268524408}, {'score': '0-1', 'p': 0.05426413843409748}], 'grid': [[0.0905, 0.0543, 0.0207, 0.0048, 0.0008, 0.0001], [0.1455, 0.11, 0.0365, 0.0085, 0.0015, 0.0002], [0.1329, 0.0925, 0.0322, 0.0075, 0.0013, 0.0002], [0.0782, 0.0544, 0.0189, 0.0044, 0.0008, 0.0001], [0.0345, 0.024, 0.0084, 0.0019, 0.0003, 0.0], [0.0122, 0.0085, 0.0029, 0.0007, 0.0001, 0.0]]}","{'venue': 'Zapopan', 'stadium': 'Estadio Akron', 'altitude_m': 1566, 'temp_c': 28, 'humid': False, 'roof': False, 'alt_home': -0.0, 'alt_away': -11.0, 'heat_home': -0.0, 'heat_away': -0.0, 'heat_severity': 0.14, 'd_home': -0.0, 'd_away': -11.0, 'lean': 'home'}"
